{"assets/fonts/Poppins-Light.otf":["assets/fonts/Poppins-Light.otf"],"assets/fonts/Poppins-Regular.otf":["assets/fonts/Poppins-Regular.otf"],"assets/images/comming_soon.jpg":["assets/images/comming_soon.jpg"],"assets/images/dummyuser_image.jpg":["assets/images/dummyuser_image.jpg"],"assets/images/f_i_m.png":["assets/images/f_i_m.png"],"assets/images/forgot_pass.jpg":["assets/images/forgot_pass.jpg"],"assets/images/login_up.jpg":["assets/images/login_up.jpg"],"assets/images/logo.png":["assets/images/logo.png"],"assets/images/map_img.png":["assets/images/map_img.png"],"assets/images/mapimg.jpg":["assets/images/mapimg.jpg"],"assets/images/paypal_logo.png":["assets/images/paypal_logo.png"],"assets/images/razorpay.png":["assets/images/razorpay.png"],"assets/images/refcodeimage.jpg":["assets/images/refcodeimage.jpg"],"assets/images/stripe_logo.png":["assets/images/stripe_logo.png"],"assets/images/wa.jpg":["assets/images/wa.jpg"],"packages/cupertino_icons/assets/CupertinoIcons.ttf":["packages/cupertino_icons/assets/CupertinoIcons.ttf"],"packages/fluttertoast/assets/toastify.css":["packages/fluttertoast/assets/toastify.css"],"packages/fluttertoast/assets/toastify.js":["packages/fluttertoast/assets/toastify.js"]}